'https://www.brainyquote.com/topic_index/ab',
'https://www.brainyquote.com/topic_index/ac',
'https://www.brainyquote.com/topic_index/ad',
'https://www.brainyquote.com/topic_index/ae',
'https://www.brainyquote.com/topic_index/af',
'https://www.brainyquote.com/topic_index/ag',
'https://www.brainyquote.com/topic_index/ai',
'https://www.brainyquote.com/topic_index/al',
'https://www.brainyquote.com/topic_index/am',
'https://www.brainyquote.com/topic_index/an',
'https://www.brainyquote.com/topic_index/ap',
'https://www.brainyquote.com/topic_index/ar',
'https://www.brainyquote.com/topic_index/as',
'https://www.brainyquote.com/topic_index/at',
'https://www.brainyquote.com/topic_index/au',
'https://www.brainyquote.com/topic_index/av',
'https://www.brainyquote.com/topic_index/aw',
'https://www.brainyquote.com/topic_index/ax',
'https://www.brainyquote.com/topic_index/ba',
'https://www.brainyquote.com/topic_index/be',
'https://www.brainyquote.com/topic_index/bi',
'https://www.brainyquote.com/topic_index/bl',
'https://www.brainyquote.com/topic_index/bo',
'https://www.brainyquote.com/topic_index/br',
'https://www.brainyquote.com/topic_index/bu',
'https://www.brainyquote.com/topic_index/by',
'https://www.brainyquote.com/topic_index/ca',
'https://www.brainyquote.com/topic_index/ce',
'https://www.brainyquote.com/topic_index/ch',
'https://www.brainyquote.com/topic_index/ci',
'https://www.brainyquote.com/topic_index/cl',
'https://www.brainyquote.com/topic_index/co',
'https://www.brainyquote.com/topic_index/cr',
'https://www.brainyquote.com/topic_index/cu',
'https://www.brainyquote.com/topic_index/cy',
'https://www.brainyquote.com/topic_index/cz',
'https://www.brainyquote.com/topic_index/da',
'https://www.brainyquote.com/topic_index/de',
'https://www.brainyquote.com/topic_index/di',
'https://www.brainyquote.com/topic_index/do',
'https://www.brainyquote.com/topic_index/dr',
'https://www.brainyquote.com/topic_index/du',
'https://www.brainyquote.com/topic_index/dw',
'https://www.brainyquote.com/topic_index/dy',
'https://www.brainyquote.com/topic_index/ea',
'https://www.brainyquote.com/topic_index/ec',
'https://www.brainyquote.com/topic_index/ed',
'https://www.brainyquote.com/topic_index/ef',
'https://www.brainyquote.com/topic_index/eg',
'https://www.brainyquote.com/topic_index/ei',
'https://www.brainyquote.com/topic_index/el',
'https://www.brainyquote.com/topic_index/em',
'https://www.brainyquote.com/topic_index/en',
'https://www.brainyquote.com/topic_index/ep',
'https://www.brainyquote.com/topic_index/eq',
'https://www.brainyquote.com/topic_index/er',
'https://www.brainyquote.com/topic_index/es',
'https://www.brainyquote.com/topic_index/et',
'https://www.brainyquote.com/topic_index/eu',
'https://www.brainyquote.com/topic_index/ev',
'https://www.brainyquote.com/topic_index/ex',
'https://www.brainyquote.com/topic_index/ey',
'https://www.brainyquote.com/topic_index/fa',
'https://www.brainyquote.com/topic_index/fe',
'https://www.brainyquote.com/topic_index/fi',
'https://www.brainyquote.com/topic_index/fl',
'https://www.brainyquote.com/topic_index/fo',
'https://www.brainyquote.com/topic_index/fr',
'https://www.brainyquote.com/topic_index/fu',
'https://www.brainyquote.com/topic_index/ga',
'https://www.brainyquote.com/topic_index/ge',
'https://www.brainyquote.com/topic_index/gh',
'https://www.brainyquote.com/topic_index/gi',
'https://www.brainyquote.com/topic_index/gl',
'https://www.brainyquote.com/topic_index/gn',
'https://www.brainyquote.com/topic_index/go',
'https://www.brainyquote.com/topic_index/gr',
'https://www.brainyquote.com/topic_index/gu',
'https://www.brainyquote.com/topic_index/gy',
'https://www.brainyquote.com/topic_index/ha',
'https://www.brainyquote.com/topic_index/he',
'https://www.brainyquote.com/topic_index/hi',
'https://www.brainyquote.com/topic_index/ho',
'https://www.brainyquote.com/topic_index/hu',
'https://www.brainyquote.com/topic_index/hy',
'https://www.brainyquote.com/topic_index/ic',
'https://www.brainyquote.com/topic_index/id',
'https://www.brainyquote.com/topic_index/if',
'https://www.brainyquote.com/topic_index/ig',
'https://www.brainyquote.com/topic_index/il',
'https://www.brainyquote.com/topic_index/im',
'https://www.brainyquote.com/topic_index/in',
'https://www.brainyquote.com/topic_index/io',
'https://www.brainyquote.com/topic_index/ip',
'https://www.brainyquote.com/topic_index/ir',
'https://www.brainyquote.com/topic_index/is',
'https://www.brainyquote.com/topic_index/it',
'https://www.brainyquote.com/topic_index/iv',
'https://www.brainyquote.com/topic_index/ja',
'https://www.brainyquote.com/topic_index/je',
'https://www.brainyquote.com/topic_index/ji',
'https://www.brainyquote.com/topic_index/jo',
'https://www.brainyquote.com/topic_index/ju',
'https://www.brainyquote.com/topic_index/ka',
'https://www.brainyquote.com/topic_index/ke',
'https://www.brainyquote.com/topic_index/kh',
'https://www.brainyquote.com/topic_index/ki',
'https://www.brainyquote.com/topic_index/kl',
'https://www.brainyquote.com/topic_index/kn',
'https://www.brainyquote.com/topic_index/ko',
'https://www.brainyquote.com/topic_index/kr',
'https://www.brainyquote.com/topic_index/ku',
'https://www.brainyquote.com/topic_index/la',
'https://www.brainyquote.com/topic_index/le',
'https://www.brainyquote.com/topic_index/li',
'https://www.brainyquote.com/topic_index/lo',
'https://www.brainyquote.com/topic_index/lu',
'https://www.brainyquote.com/topic_index/ly',
'https://www.brainyquote.com/topic_index/ma',
'https://www.brainyquote.com/topic_index/mc',
'https://www.brainyquote.com/topic_index/me',
'https://www.brainyquote.com/topic_index/mi',
'https://www.brainyquote.com/topic_index/mo',
'https://www.brainyquote.com/topic_index/mu',
'https://www.brainyquote.com/topic_index/my',
'https://www.brainyquote.com/topic_index/na',
'https://www.brainyquote.com/topic_index/nb',
'https://www.brainyquote.com/topic_index/ne',
'https://www.brainyquote.com/topic_index/ni',
'https://www.brainyquote.com/topic_index/no',
'https://www.brainyquote.com/topic_index/nu',
'https://www.brainyquote.com/topic_index/ny',
'https://www.brainyquote.com/topic_index/oa',
'https://www.brainyquote.com/topic_index/ob',
'https://www.brainyquote.com/topic_index/oc',
'https://www.brainyquote.com/topic_index/od',
'https://www.brainyquote.com/topic_index/of',
'https://www.brainyquote.com/topic_index/oh',
'https://www.brainyquote.com/topic_index/oi',
'https://www.brainyquote.com/topic_index/ok',
'https://www.brainyquote.com/topic_index/ol',
'https://www.brainyquote.com/topic_index/om',
'https://www.brainyquote.com/topic_index/on',
'https://www.brainyquote.com/topic_index/op',
'https://www.brainyquote.com/topic_index/or',
'https://www.brainyquote.com/topic_index/os',
'https://www.brainyquote.com/topic_index/ot',
'https://www.brainyquote.com/topic_index/ou',
'https://www.brainyquote.com/topic_index/ov',
'https://www.brainyquote.com/topic_index/ow',
'https://www.brainyquote.com/topic_index/ox',
'https://www.brainyquote.com/topic_index/oz',
'https://www.brainyquote.com/topic_index/pa',
'https://www.brainyquote.com/topic_index/pe',
'https://www.brainyquote.com/topic_index/ph',
'https://www.brainyquote.com/topic_index/pi',
'https://www.brainyquote.com/topic_index/pl',
'https://www.brainyquote.com/topic_index/po',
'https://www.brainyquote.com/topic_index/pr',
'https://www.brainyquote.com/topic_index/ps',
'https://www.brainyquote.com/topic_index/pu',
'https://www.brainyquote.com/topic_index/py',
'https://www.brainyquote.com/topic_index/qu',
'https://www.brainyquote.com/topic_index/ra',
'https://www.brainyquote.com/topic_index/re',
'https://www.brainyquote.com/topic_index/rh',
'https://www.brainyquote.com/topic_index/ri',
'https://www.brainyquote.com/topic_index/ro',
'https://www.brainyquote.com/topic_index/ru',
'https://www.brainyquote.com/topic_index/sa',
'https://www.brainyquote.com/topic_index/sc',
'https://www.brainyquote.com/topic_index/se',
'https://www.brainyquote.com/topic_index/sh',
'https://www.brainyquote.com/topic_index/si',
'https://www.brainyquote.com/topic_index/sk',
'https://www.brainyquote.com/topic_index/sl',
'https://www.brainyquote.com/topic_index/sm',
'https://www.brainyquote.com/topic_index/sn',
'https://www.brainyquote.com/topic_index/so',
'https://www.brainyquote.com/topic_index/sp',
'https://www.brainyquote.com/topic_index/sq',
'https://www.brainyquote.com/topic_index/st',
'https://www.brainyquote.com/topic_index/su',
'https://www.brainyquote.com/topic_index/sw',
'https://www.brainyquote.com/topic_index/sy',
'https://www.brainyquote.com/topic_index/ta',
'https://www.brainyquote.com/topic_index/te',
'https://www.brainyquote.com/topic_index/th',
'https://www.brainyquote.com/topic_index/ti',
'https://www.brainyquote.com/topic_index/to',
'https://www.brainyquote.com/topic_index/tr',
'https://www.brainyquote.com/topic_index/tu',
'https://www.brainyquote.com/topic_index/tv',
'https://www.brainyquote.com/topic_index/tw',
'https://www.brainyquote.com/topic_index/ty',
'https://www.brainyquote.com/topic_index/ug',
'https://www.brainyquote.com/topic_index/uk',
'https://www.brainyquote.com/topic_index/ul',
'https://www.brainyquote.com/topic_index/um',
'https://www.brainyquote.com/topic_index/un',
'https://www.brainyquote.com/topic_index/up',
'https://www.brainyquote.com/topic_index/ur',
'https://www.brainyquote.com/topic_index/us',
'https://www.brainyquote.com/topic_index/ut',
'https://www.brainyquote.com/topic_index/va',
'https://www.brainyquote.com/topic_index/ve',
'https://www.brainyquote.com/topic_index/vi',
'https://www.brainyquote.com/topic_index/vo',
'https://www.brainyquote.com/topic_index/vu',
'https://www.brainyquote.com/topic_index/wa',
'https://www.brainyquote.com/topic_index/we',
'https://www.brainyquote.com/topic_index/wh',
'https://www.brainyquote.com/topic_index/wi',
'https://www.brainyquote.com/topic_index/wo',
'https://www.brainyquote.com/topic_index/wr',
'https://www.brainyquote.com/topic_index/ww',
'https://www.brainyquote.com/topic_index/xe',
'https://www.brainyquote.com/topic_index/ya',
'https://www.brainyquote.com/topic_index/ye',
'https://www.brainyquote.com/topic_index/yi',
'https://www.brainyquote.com/topic_index/yo',
'https://www.brainyquote.com/topic_index/yu',
'https://www.brainyquote.com/topic_index/za',
'https://www.brainyquote.com/topic_index/ze',
'https://www.brainyquote.com/topic_index/zi',
'https://www.brainyquote.com/topic_index/zo'
